{"cameraMode":{"drawMode":0,"name":"Shaded","section":"Shading Mode"},"sceneLighting":true,"audioPlay":false,"sceneViewState":{"m_AlwaysRefresh":false,"showFog":true,"showSkybox":true,"showFlares":true,"showImageEffects":true,"showParticleSystems":true,"showVisualEffectGraphs":true,"m_FxEnabled":true},"in2DMode":false,"pivot":{"x":-2.2674667835235597,"y":-10.817021369934082,"z":-14.125734329223633},"rotation":{"x":0.366262823343277,"y":-0.08913297951221466,"z":0.035270947962999347,"w":0.9255644083023071},"size":13.261310577392579,"orthographic":false}